{"cameraMode":{"drawMode":0,"name":"Shaded","section":"Shading Mode"},"sceneLighting":false,"audioPlay":false,"sceneViewState":{"m_AlwaysRefresh":false,"showFog":true,"showSkybox":false,"showFlares":true,"showImageEffects":true,"showParticleSystems":true,"showVisualEffectGraphs":true,"m_FxEnabled":true},"in2DMode":false,"pivot":{"x":-0.16666072607040406,"y":-6.021383762359619,"z":11.115077018737793},"rotation":{"x":0.04525872692465782,"y":0.930285632610321,"z":0.34283655881881716,"w":-0.12263164669275284},"size":1.4200117588043213,"orthographic":false}