{"cameraMode":{"drawMode":0,"name":"Shaded","section":"Shading Mode"},"sceneLighting":false,"audioPlay":false,"sceneViewState":{"m_AlwaysRefresh":false,"showFog":true,"showSkybox":false,"showFlares":true,"showImageEffects":true,"showParticleSystems":true,"showVisualEffectGraphs":true,"m_FxEnabled":true},"in2DMode":false,"pivot":{"x":-0.9887765049934387,"y":-10.575249671936036,"z":13.064691543579102},"rotation":{"x":-0.4770641624927521,"y":0.5058566331863403,"z":0.40796637535095217,"w":0.5917248129844666},"size":1.4200117588043213,"orthographic":false}