{"cameraMode":{"drawMode":0,"name":"Shaded","section":"Shading Mode"},"sceneLighting":false,"audioPlay":false,"sceneViewState":{"m_AlwaysRefresh":false,"showFog":true,"showSkybox":false,"showFlares":true,"showImageEffects":true,"showParticleSystems":true,"showVisualEffectGraphs":true,"m_FxEnabled":true},"in2DMode":false,"pivot":{"x":961.1185913085938,"y":539.8116455078125,"z":12.320554733276368},"rotation":{"x":0.014370497316122055,"y":0.9852019548416138,"z":-0.11141496896743775,"w":0.12952210009098054},"size":1.064239263534546,"orthographic":false}