{"cameraMode":{"drawMode":0,"name":"Shaded","section":"Shading Mode"},"sceneLighting":true,"audioPlay":false,"sceneViewState":{"m_AlwaysRefresh":false,"showFog":true,"showSkybox":true,"showFlares":true,"showImageEffects":true,"showParticleSystems":true,"showVisualEffectGraphs":true,"m_FxEnabled":true},"in2DMode":false,"pivot":{"x":1.0058279037475587,"y":17.206222534179689,"z":-13.612464904785157},"rotation":{"x":-0.004338626284152269,"y":-0.9618644118309021,"z":-0.27310341596603396,"w":0.015116448514163494},"size":22.79961395263672,"orthographic":false}