{"cameraMode":{"drawMode":0,"name":"Shaded","section":"Shading Mode"},"sceneLighting":true,"audioPlay":false,"sceneViewState":{"m_AlwaysRefresh":false,"showFog":true,"showSkybox":true,"showFlares":true,"showImageEffects":true,"showParticleSystems":true,"showVisualEffectGraphs":true,"m_FxEnabled":true},"in2DMode":false,"pivot":{"x":-9.586435317993164,"y":3.955440044403076,"z":14.36129379272461},"rotation":{"x":0.031784869730472568,"y":-0.7955185770988464,"z":-0.6036467552185059,"w":-0.04189743101596832},"size":0.25592488050460818,"orthographic":false}