{"cameraMode":{"drawMode":0,"name":"Shaded","section":"Shading Mode"},"sceneLighting":true,"audioPlay":false,"sceneViewState":{"m_AlwaysRefresh":false,"showFog":true,"showSkybox":true,"showFlares":true,"showImageEffects":true,"showParticleSystems":true,"showVisualEffectGraphs":true,"m_FxEnabled":true},"in2DMode":false,"pivot":{"x":4.123744964599609,"y":-12.03669261932373,"z":-90.52255249023438},"rotation":{"x":-0.00001814050665416289,"y":-0.9992357492446899,"z":0.0398344062268734,"w":0.00014148470654617995},"size":86.52204895019531,"orthographic":false}