{"cameraMode":{"drawMode":0,"name":"Shaded","section":"Shading Mode"},"sceneLighting":true,"audioPlay":false,"sceneViewState":{"m_AlwaysRefresh":false,"showFog":true,"showSkybox":true,"showFlares":true,"showImageEffects":true,"showParticleSystems":true,"showVisualEffectGraphs":true,"m_FxEnabled":true},"in2DMode":false,"pivot":{"x":2.5724058151245119,"y":-8.818354606628418,"z":2.0309295654296877},"rotation":{"x":0.035277873277664188,"y":0.9542303085327148,"z":-0.2696475088596344,"w":0.12465489655733109},"size":7.824557304382324,"orthographic":false}