{"cameraMode":{"drawMode":0,"name":"Shaded","section":"Shading Mode"},"sceneLighting":true,"audioPlay":false,"sceneViewState":{"m_AlwaysRefresh":false,"showFog":true,"showSkybox":true,"showFlares":true,"showImageEffects":true,"showParticleSystems":true,"showVisualEffectGraphs":true,"m_FxEnabled":true},"in2DMode":false,"pivot":{"x":0.28570297360420229,"y":0.7449548840522766,"z":14.646114349365235},"rotation":{"x":0.01237545907497406,"y":0.9384207725524902,"z":-0.03379775956273079,"w":0.3436141312122345},"size":1.5884935855865479,"orthographic":false}