{"cameraMode":{"drawMode":0,"name":"Shaded","section":"Shading Mode"},"sceneLighting":false,"audioPlay":false,"sceneViewState":{"m_AlwaysRefresh":false,"showFog":true,"showSkybox":false,"showFlares":true,"showImageEffects":true,"showParticleSystems":true,"showVisualEffectGraphs":true,"m_FxEnabled":true},"in2DMode":false,"pivot":{"x":959.8006591796875,"y":539.861083984375,"z":1.0769535303115845},"rotation":{"x":0.047337278723716739,"y":0.012892826460301876,"z":-0.0005823216633871198,"w":0.9988113641738892},"size":1.2853782176971436,"orthographic":false}