{"cameraMode":{"drawMode":0,"name":"Shaded","section":"Shading Mode"},"sceneLighting":false,"audioPlay":false,"sceneViewState":{"m_AlwaysRefresh":false,"showFog":true,"showSkybox":false,"showFlares":true,"showImageEffects":true,"showParticleSystems":true,"showVisualEffectGraphs":true,"m_FxEnabled":true},"in2DMode":false,"pivot":{"x":0.7372975945472717,"y":-5.45056676864624,"z":13.112565994262696},"rotation":{"x":0.7789719700813294,"y":0.024796709418296815,"z":-0.030864601954817773,"w":0.6258072257041931},"size":0.5984052419662476,"orthographic":false}