{"cameraMode":{"drawMode":0,"name":"Shaded","section":"Shading Mode"},"sceneLighting":false,"audioPlay":false,"sceneViewState":{"m_AlwaysRefresh":false,"showFog":true,"showSkybox":false,"showFlares":true,"showImageEffects":true,"showParticleSystems":true,"showVisualEffectGraphs":true,"m_FxEnabled":true},"in2DMode":false,"pivot":{"x":-12.142642974853516,"y":2.1125669479370119,"z":13.773972511291504},"rotation":{"x":-0.03657280653715134,"y":-0.5371741056442261,"z":-0.8423581123352051,"w":0.02331564761698246},"size":1.4153579473495484,"orthographic":false}