{"cameraMode":{"drawMode":0,"name":"Shaded","section":"Shading Mode"},"sceneLighting":false,"audioPlay":false,"sceneViewState":{"m_AlwaysRefresh":false,"showFog":true,"showSkybox":false,"showFlares":true,"showImageEffects":true,"showParticleSystems":true,"showVisualEffectGraphs":true,"m_FxEnabled":true},"in2DMode":false,"pivot":{"x":2.057605028152466,"y":-5.957734107971191,"z":13.864468574523926},"rotation":{"x":0.001852717250585556,"y":-0.9984068274497986,"z":0.04202248901128769,"w":0.03816849738359451},"size":2.740504026412964,"orthographic":false}