{"cameraMode":{"drawMode":0,"name":"Shaded","section":"Shading Mode"},"sceneLighting":false,"audioPlay":false,"sceneViewState":{"m_AlwaysRefresh":false,"showFog":true,"showSkybox":false,"showFlares":true,"showImageEffects":true,"showParticleSystems":true,"showVisualEffectGraphs":true,"m_FxEnabled":true},"in2DMode":false,"pivot":{"x":-3.89058256149292,"y":0.11994409561157227,"z":-1.8459659814834595},"rotation":{"x":-0.010475553572177887,"y":0.8202634453773499,"z":-0.015016462653875351,"w":-0.5717115998268127},"size":4.647068500518799,"orthographic":false}